date,release_no,title,entity_name,entity_type,entity_role,ticker,cik,tags,settled,ticker_resolved,resolution_method
2015-01-12,2015-2,SEC Charges Direct Edge Exchanges With Failing to Properly Describe Order Types,BATS Global Markets,company,defendant,BATS,1659228,disclosure fraud,True,BATS,original
2015-02-10,2015-27,SEC Charges Former Brokerage CEO for His Role in Fraudulent Scheme,ConvergEx Group,company,defendant,CVGP,1094215,"fraudulent scheme, securities fraud, disclosure fraud",True,CVGP,original
2015-02-10,2015-28,SEC Announces Half-Million Dollar Clawback from CFOs of Silicon Valley Company That Committed Accounting Fraud,Saba Software,company,defendant,SABA1,1070380,"accounting fraud, Sarbanes-Oxley Act",True,SABA1,original
2015-02-24,2015-38,SEC Charges Goodyear With FCPA Violations,Goodyear Tire & Rubber Company,company,defendant,GT,42582,"FCPA violations, bribery, compliance controls",True,GT,original
2015-03-26,2015-50,SEC Charges Nearly Two Dozen Unregistered Broker-Dealers,AGS Capital Group,company,defendant,JNS,1065865,"unregistered broker-dealers, securities violations",True,JNS,original
2015-03-31,2015-53,SEC Charges Former Polycom CEO With Hiding Perks From Investors,Polycom Inc.,company,defendant,PLCM,1010552,"disclosure fraud, internal controls failure",True,PLCM,original
2015-04-08,2015-62,SEC Charges Oregon-Based Defense Contractor With FCPA Violations,FLIR Systems Inc.,company,defendant,FLIR,354908,"FCPA violations, bribery, internal controls failure",True,FLIR,original
2015-05-06,2015-81,SEC Charges Four Former Officers of Delaware Bank Holding Company With Disclosure Fraud,Wilmington Trust,company,defendant,WL,872821,"disclosure fraud, financial crisis, improper accounting",False,WL,original
2015-05-12,2015-86,SEC Announces Fraud Charges Against ITT Educational Services,ITT Educational Services Inc.,company,defendant,ESINQ,922475,"fraud, disclosure fraud, for-profit colleges",False,ESINQ,original
2015-06-01,2015-105,"Merrill Lynch Admits Using Inaccurate Data for Short Sale Orders, Agrees to $11 Million Settlement",Merrill Lynch,company,defendant,MER,65100,"short sale violations, securities regulation",True,MER,original
2015-06-18,2015-125,SEC Charges 36 Firms for Fraudulent Municipal Bond Offerings,Morgan Stanley & Co. LLC,company,defendant,MS,895421,"fraudulent municipal bond offerings, disclosure fraud",True,MS,original
2015-06-18,2015-125,SEC Charges 36 Firms for Fraudulent Municipal Bond Offerings,The Northern Trust Company,company,defendant,NTRS,73124,"fraudulent municipal bond offerings, disclosure fraud",True,NTRS,original
2015-06-30,2015-133,SEC Charges Goldman Sachs With Violating Market Access Rule,Goldman Sachs,company,defendant,GSBD,1572694,"market access rule violation, trading incident, erroneous executions",True,GSBD,original
2015-07-02,2015-139,SEC Halts Pyramid/Ponzi Scheme Targeting Spanish and Portuguese Communities,DFRF Enterprises,company,defendant,BFEN,814856,"ponzi scheme, pyramid scheme, fraud",False,BFEN,original
2015-07-06,2015-141,SEC Charges Oil Company and CEO in Scheme Targeting Chinese-Americans and EB-5 Investors,Luca International Group,company,defendant,PSIG,1997201,"Ponzi scheme, affinity fraud, EB-5 program",True,PSIG,original
2015-07-14,2015-146,SEC Charges 34 Defendants in Microcap Market Manipulation Schemes,"B.H.I. Group, Inc.",company,defendant,DHX,1393883,"market manipulation, fraud, unregistered broker-dealers, microcap stocks",False,DHX,original
2015-07-28,2015-154,SEC Charges Mead Johnson Nutrition With FCPA Violations,Mead Johnson Nutrition Company,company,defendant,MJN,1452575,"FCPA violations, improper payments, disclosure fraud",True,MJN,original
2015-08-06,2015-161,"Miller Energy Resources, Former CFO, Current COO Charged With Accounting Fraud",Miller Energy Resources Inc.,company,defendant,MILLQ,785968,"accounting fraud, financial misreporting",False,MILLQ,original
2015-09-08,2015-180,SEC Charges Bankrate and Former Executives With Accounting Fraud,Bankrate Inc.,company,defendant,RATE1,1080866,"accounting fraud, financial manipulation, securities fraud",True,RATE1,original
2015-09-17,2015-194,"SEC Charges Clearing Firm Officials for Improper Margin Loans, Accounting and Disclosure Failures",Penson Worldwide,company,defendant,PNSNQ,1123541,"disclosure fraud, improper margin loans, accounting failures",True,PNSNQ,original
2015-09-22,2015-200,SEC Charges Retailer for Improper Valuation and Inadequate Internal Accounting Controls,Stein Mart Inc.,company,defendant,SMRTQ,884940,"disclosure fraud, accounting fraud",True,SMRTQ,original
2015-09-25,2015-210,SEC Charges Former Officers of SMF Energy With Fraud,SMF Energy Corp.,company,defendant,FUELQ,1024452,"financial fraud, disclosure fraud",False,FUELQ,original
2015-09-30,2015-223,China-Based Company and CEO To Pay $55.6 Million for Inaccurate Disclosures,Focus Media Holding Limited,company,defendant,FMCN,1330017,disclosure fraud,True,FMCN,original
2015-10-05,2015-229,SEC Charges Bristol-Myers Squibb With FCPA Violations,Bristol-Myers Squibb,company,defendant,BMY,14272,"FCPA violations, pharmaceutical, bribery",True,BMY,original
2015-10-05,2015-230,SEC Charges Home Loan Servicing Solutions for Misstatements and Inadequate Internal Controls,Home Loan Servicing Solutions Ltd.,company,defendant,HLSSF,1513161,"disclosure fraud, inadequate internal controls",True,HLSSF,original
2015-10-06,2015-234,SEC Charges Former Executives With Accounting Fraud and Other Accounting Failures,OCZ Technology Group Inc.,company,defendant,OCZTQ,1355128,"accounting fraud, disclosure fraud, internal controls failure",True,OCZTQ,original
2015-10-13,2015-238,UBS to Pay $19.5 Million Settlement Involving Notes Linked to Currency Index,UBS AG,company,defendant,AMUB,1114446,"disclosure fraud, structured notes",True,AMUB,original
2015-10-27,2015-247,"Developer, Former Top Execs Charged for Improper Accounting of Real Estate Assets During Financial Crisis",The St. Joe Company,company,defendant,JOE,745308,"improper accounting, financial crisis, disclosure fraud",True,JOE,original
2015-12-22,2015-287,Morgan Stanley Settles Charges in “Parking” Scheme,SG Americas,company,defendant,OSP,1409134,"parking scheme, prearranged trading, disclosure fraud",True,OSP,original
2016-01-13,2016-7,SEC Charges 11 Bank Officers and Directors With Fraud,Superior Bank,company,defendant,SUPR,1065298,"fraud, financial crisis, loan losses, accounting fraud",True,SUPR,original
2016-01-14,2016-9,SEC Charges Goldman Sachs With Improper Securities Lending Practices,Goldman Sachs,company,defendant,GSBD,1572694,"improper securities lending, Regulation SHO, short selling",True,GSBD,original
2016-02-01,2016-17,SEC Charges Software Company With FCPA Violations,SAP SE,company,defendant,SAP,1000184,"FCPA violations, bribery, internal controls failure",True,SAP,original
2016-02-09,2016-25,Monsanto Paying $80 Million Penalty for Accounting Violations,Monsanto Company,company,defendant,MON2,1110783,"accounting violations, disclosure fraud",True,MON2,original
2016-02-16,2016-29,SEC: Tech Company Bribed Chinese Officials,PTC Inc.,company,defendant,PTC,857005,"bribery, Foreign Corrupt Practices Act, disclosure fraud",True,PTC,original
2016-02-17,2016-32,SEC Charges Biopesticide Company and Former Executive With Accounting Fraud,Marrone Bio Innovations,company,defendant,MBII,1441693,"accounting fraud, financial misreporting",True,MBII,original
2016-03-29,2016-59,SEC: Biotech Company Misled Investors About New Drug's Status With FDA,AVEO Pharmaceuticals Inc.,company,defendant,AVEO,1325879,"disclosure fraud, biotech, FDA approval",True,AVEO,original
2016-03-29,2016-60,Former TV Commentator Settles Penny Stock Fraud Charges,NBT Group Inc.,company,defendant,BTTGY,756620,"penny stock fraud, disclosure fraud",True,BTTGY,original
2016-03-31,2016-62,SEC: Navistar International and Former CEO Misled Investors About Advanced Technology Engine,Navistar International Corp.,company,defendant,NAV,808450,"disclosure fraud, misleading investors",True,NAV,original
2016-04-07,2016-64,Las Vegas Sands Paying Penalty for FCPA Violations,Las Vegas Sands Corp.,company,defendant,LVS,1300514,"FCPA violations, financial controls, books and records",True,LVS,original
2016-04-19,2016-74,SEC Announces Financial Fraud Cases,Ener1,company,defendant,HEVVQ,895642,"financial fraud, accounting violations",True,HEVVQ,original
2016-04-19,2016-74,SEC Announces Financial Fraud Cases,Logitech International,company,defendant,LOGI,1032975,"financial fraud, accounting violations",True,LOGI,original
2016-05-31,2016-99,SEC Halts Ponzi Scheme Aimed at Middle Class,JSG Capital Investments,company,defendant,MGTI,1001601,"ponzi scheme, fraud, investment fraud",False,MGTI,original
2016-06-08,2016-110,SEC Bars Corporate VP and Controller for False Accounting,IEC Electronics Corp.,company,defendant,IEC,49728,"false accounting, financial fraud",True,IEC,original
2016-06-21,2016-126,SEC Charges Medical Device Manufacturer With FCPA Violations,Analogic Corp.,company,defendant,ALOG,6284,"FCPA violations, disclosure fraud",True,ALOG,original
2016-06-23,2016-129,Merrill Lynch Paying $10 Million Penalty for Misleading Investors in Structured Notes,Merrill Lynch,company,defendant,MER,65100,disclosure fraud,True,MER,original
2016-06-23,2016-128,Merrill Lynch to Pay $415 Million for Misusing Customer Cash and Putting Customer Securities at Risk,Merrill Lynch,company,defendant,MER,65100,"disclosure fraud, customer protection, securities violation",True,MER,original
2016-08-16,2016-164,Company Punished for Severance Agreements That Removed Financial Incentives for Whistleblowing,Health Net Inc.,company,defendant,HNT,916085,"whistleblower program, securities law violation",True,HNT,original
2016-08-23,2016-165,Apollo Charged With Disclosure and Supervisory Failures,Apollo Global Management,company,defendant,APO,1858681,"disclosure fraud, supervisory failures",True,APO,original
2016-09-26,2016-192,Merrill Lynch Charged With Trading Controls Failures That Led to Mini-Flash Crashes,Merrill Lynch,company,defendant,MER,65100,"trading controls failure, market access rule violation, mini-flash crashes",True,MER,original
2016-09-27,2016-194,Oil Services Company Paying $140 Million Penalty for Accounting Fraud,Weatherford International,company,defendant,WFRD,1603923,"accounting fraud, disclosure fraud",True,WFRD,original
2016-09-28,2016-196,SEC Charges Anheuser-Busch InBev With Violating FCPA and Whistleblower Protection Laws,Anheuser-Busch InBev,company,defendant,BUD,1668717,"FCPA, whistleblower protection, improper payments",True,BUD,original
2016-10-17,2016-218,SEC Charges Energy Services Company and Executives With Accounting Fraud,Lime Energy Co.,company,defendant,LIME,1065860,accounting fraud,True,LIME,original
2016-10-20,2016-221,Company and Former Executives Paying Penalties for Accounting Violations,FMC Technologies,company,defendant,FTI1,1135152,"accounting violations, financial reporting fraud",True,FTI1,original
2016-10-24,2016-224,Embraer Paying $205 Million to Settle FCPA Charges,Embraer S.A.,company,defendant,ERJ,1355444,"FCPA violation, bribery, disclosure fraud",True,ERJ,original
2016-11-17,2016-241,JPMorgan Chase Paying $264 Million to Settle FCPA Charges,JPMorgan Chase & Co.,company,defendant,JPM,19617,"FCPA violation, bribery, corruption",True,JPM,original
2016-12-02,2016-253,United Settles Charges in Case of Flight Route to Benefit Public Official,United Airlines,company,defendant,CAL1,319687,"disclosure fraud, bribery",True,CAL1,original
2016-12-16,2016-265,SEC Charges Gatekeepers in Microcap Frauds,American Energy Development Corp.,company,defendant,AEDC,1499735,"microcap fraud, penny stock, disclosure fraud",True,AEDC,original
2016-12-20,2016-269,SEC Charges Morgan Stanley With Customer Protection Rule Violations,Morgan Stanley & Co. LLC,company,defendant,MS,895421,customer protection rule violation,True,MS,original
2016-12-20,2016-270,Company Settles Charges in Whistleblower Retaliation Case,SandRidge Energy Inc.,company,defendant,SD,1349436,"whistleblower retaliation, illegal separation agreements",True,SD,original
2016-12-21,2016-271,Petrochemical Manufacturer Braskem S.A. to Pay $957 Million to Settle FCPA Charges,Braskem S.A.,company,defendant,BAK,1071438,"FCPA violation, bribery, false records",True,BAK,original
2016-12-22,2016-277,Teva Pharmaceutical Paying $519 Million to Settle FCPA Charges,Teva Pharmaceutical Industries Limited,company,defendant,TEVA,818686,"FCPA violation, bribery, pharmaceutical",True,TEVA,original
2017-01-11,2017-5,SEC Charges Government Contractor With Inadequate Controls and Books and Records Violations,L3 Technologies Inc.,company,defendant,LLL1,1039101,"inadequate controls, books and records violations",True,LLL1,original
2017-01-12,2017-8,Biomet Charged With Repeating FCPA Violations,Biomet,company,defendant,BMET,351346,"FCPA violations, bribery, compliance failure",True,BMET,original
2017-01-13,2017-13,Chemical and Mining Company in Chile Paying $30 Million to Resolve FCPA Cases,Sociedad Quimica y Minera de Chile S.A.,company,defendant,SQMCY,865477,"FCPA violation, foreign corruption",True,SQMCY,original
2017-01-17,2017-16,Allergan Paying $15 Million Penalty for Disclosure Failures During Merger Talks,Allergan Inc.,company,defendant,AGN,1578845,"disclosure failures, merger talks",True,AGN,original
2017-01-18,2017-19,General Motors Charged With Accounting Control Failures,General Motors,company,defendant,MTLQQ,40730,"accounting control failures, disclosure issues",True,MTLQQ,original
2017-01-23,2017-29,Shipping Conglomerate and Former CFO Charged With Failure to Recognize Hundreds of Millions in Tax Liabilities,Overseas Shipholding Group,company,defendant,OSG,75208,"disclosure fraud, financial reporting, tax liabilities",True,OSG,original
2017-02-14,2017-48,SEC Announces Cases Related to Disclosures During Battles for Corporate Control,CVR Energy,company,defendant,CVI,1376139,"disclosure violations, corporate control, securities law",True,CVI,original
2017-04-10,2017-79,SEC: Payments for Bullish Articles on Stocks Must Be Disclosed to Investors,three public companies,company,defendant,RUTX,1320092,"disclosure fraud, stock promotion, fraud",True,RUTX,original
2017-05-01,2017-88,Semiconductor Company and Former CFO Settle Accounting Fraud Charges,MagnaChip Semiconductor Corp.,company,defendant,MX,1325702,"accounting fraud, disclosure fraud",True,MX,original
2017-06-28,2017-120,SEC Charges Oil and Gas Company and Top Finance Executives with Accounting Fraud,Obsidian Energy Ltd.,company,defendant,OBE,1334388,"accounting fraud, disclosure fraud",True,OBE,original
2017-07-27,2017-133,Halliburton Paying $29.2 Million to Settle FCPA Violations,Halliburton Company,company,defendant,HAL,45012,"FCPA violations, books and records, internal accounting controls",True,HAL,original
2017-09-07,2017-159,State Street Paying Penalties to Settle Fraud Charges and Disclosure Failures,State Street,company,defendant,STT,93751,"fraud, disclosure failures",True,STT,original
2017-09-22,2017-175,Pharmaceutical Company Paying Penalty for Misleading Investors About Sales Metric,Aegerion Pharmaceuticals,company,defendant,AEGR,1338042,disclosure fraud,True,AEGR,original
2017-09-28,2017-178,Medical Manufacturer Settles Accounting Fraud Charges,Alere Inc.,company,defendant,ALR1,1145460,"accounting fraud, improper payments, disclosure fraud",True,ALR1,original
2017-10-03,2017-188,SEC Charges Penny-Stock Operators in Push to Crack Down on Repeat Offenders,N1 Technologies Inc.,company,defendant,BKTI,2186,"disclosure fraud, penny stock fraud, recidivist",False,BKTI,original
2017-10-17,2017-196,"Rio Tinto, Former Top Executives Charged With Fraud",Rio Tinto,company,defendant,RIO,887028,"fraud, disclosure fraud",False,RIO,original
2017-11-02,2017-207,"SEC Charges Biotech Company, Executives With Accounting Fraud",Osiris Therapeutics,company,defendant,OSIR,1360886,"accounting fraud, disclosure fraud",True,OSIR,original
2018-02-28,2018-26,SEC Charges Ameriprise With Overcharging Retirement Account Customers for Mutual Fund Shares,Ameriprise Financial Services Inc.,company,defendant,EFSC,1025835,"overcharging, mutual fund, retirement accounts, disclosure fraud",True,EFSC,original
2018-03-02,2018-28,"SEC Charges U.K. Brokerage Firm, Investment Manager, CEO, and Others for Manipulative Trading in U.S. Microcap Stocks",WT Consulting Group LLC,company,defendant,DACGQ,1051209,"manipulative trading, securities fraud, microcap stocks, pump-and-dump",False,DACGQ,original
2018-03-02,2018-28,"SEC Charges U.K. Brokerage Firm, Investment Manager, CEO, and Others for Manipulative Trading in U.S. Microcap Stocks",TJM Investments Inc.,company,defendant,CTCLY,1477324,"manipulative trading, securities fraud, microcap stocks, pump-and-dump",False,CTCLY,original
2018-03-08,2018-35,Voya Advisers Agree to Repay Clients and Settle Charges That They Failed to Disclose Securities Lending Conflict,Voya Holdings Inc.,company,defendant,PAYA,1819881,"disclosure fraud, conflict of interest",True,PAYA,original
2018-03-27,2018-48,"SEC Charges Energy Storage Company, Former Executive in Fraudulent Scheme to Inflate Financial Results","Maxwell Technologies, Inc.",company,defendant,MXWL,319815,"fraudulent revenue recognition, financial fraud",True,MXWL,original
2018-04-06,2018-61,SEC Obtains Emergency Freeze of $27 Million in Stock Sales of Purported Cryptocurrency Company Longfin,Longfin Corp.,company,defendant,LFIN,1699683,"disclosure fraud, cryptocurrency",False,LFIN,original
2018-04-24,2018-71,"Altaba, Formerly Known as Yahoo!, Charged With Failing to Disclose Massive Cybersecurity Breach; Agrees To Pay $35 Million",Yahoo!,company,defendant,YHOO,1011006,"cybersecurity breach, disclosure fraud",True,YHOO,original
2018-04-24,2018-71,"Altaba, Formerly Known as Yahoo!, Charged With Failing to Disclose Massive Cybersecurity Breach; Agrees To Pay $35 Million",Altaba,company,defendant,AABA,1011006,"cybersecurity breach, disclosure fraud",True,AABA,original
2018-04-30,2018-73,Panasonic Charged With FCPA and Accounting Fraud Violations,Panasonic Corp.,company,defendant,PCRFY,63271,"FCPA violation, accounting fraud",True,PCRFY,original
2018-06-01,2018-100,SEC Charges 13 Private Fund Advisers for Repeated Filing Failures,Bristol Group Inc.,company,defendant,BRSWQ,73887,"reporting failures, investment advisers, compliance",True,BRSWQ,original
2018-07-02,2018-127,SEC Charges KBR for Inflating Key Performance Metric and Accounting Controls Deficiencies,KBR Inc.,company,defendant,KBR,1357615,"disclosure fraud, accounting controls deficiencies",True,KBR,original
2018-07-05,2018-128,SEC Charges Credit Suisse With FCPA Violations,Credit Suisse Group AG,company,defendant,CS,1159510,"FCPA violations, bribery, corruption",True,CS,original
2018-07-17,2018-134,SEC Charges BGC Financial for Failure to Preserve Documents and Maintain Accurate Books and Records,BGC Financial,company,defendant,CFFI,913341,"disclosure fraud, books and records violations",True,CFFI,original
2018-08-15,2018-154,SEC Charges Ameriprise Financial Services for Failing to Safeguard Client Assets,Ameriprise Financial Services Inc.,company,defendant,EFSC,1025835,"safeguard failure, misappropriation, fraud",True,EFSC,original
2018-08-16,2018-155,Citigroup to Pay More Than $10 Million for Books and Records Violations and Inadequate Controls,Citigroup,company,defendant,C,831001,"books and records violations, inadequate controls, trader supervision",True,C,original
2018-08-21,2018-161,SEC Charges Former Online Marketing Company Executives With Inflating Operating Metrics,Constant Contact Inc.,company,defendant,CTCT,1405277,"disclosure fraud, reporting violations, antifraud",True,CTCT,original
2018-08-21,2018-161,SEC Charges Former Online Marketing Company Executives With Inflating Operating Metrics,Endurance International Group Holdings Inc.,company,defendant,EIGI,1237746,"disclosure fraud, reporting violations, antifraud",True,EIGI,original
2018-08-27,2018-168,Legg Mason Charged With Violating the FCPA,Legg Mason Inc.,company,defendant,LM,704051,"FCPA violation, bribery, corruption",True,LM,original
2018-08-27,2018-167,Transamerica Entities to Pay $97 Million to Investors Relating to Errors in Quantitative Investment Models,Transamerica Capital Inc.,company,defendant,CATA1,17385,"disclosure fraud, investment misconduct",True,CATA1,original
2018-09-04,2018-175,SEC Charges Telecommunications Expense Management Company With Accounting Fraud,Tangoe Inc.,company,defendant,TNGO,1182325,"accounting fraud, disclosure fraud",True,TNGO,original
2018-09-04,2018-174,Sanofi Charged With FCPA Violations,Sanofi,company,defendant,SNY,1121404,"FCPA violations, bribery, pharmaceutical industry",True,SNY,original
2018-09-07,2018-182,SEC Charges Microcap Fraudsters for Roles in Lucrative Market Manipulation Schemes,OPKO Health Inc.,company,defendant,OPK,944809,"market manipulation, fraud, pump-and-dump",False,OPK,original
2018-09-07,2018-182,SEC Charges Microcap Fraudsters for Roles in Lucrative Market Manipulation Schemes,Grander Holdings Inc.,company,defendant,SOND,1819395,"market manipulation, fraud, pump-and-dump",False,SOND,original
2018-09-18,2018-199,"Biopharmaceutical Company, Executives Charged With Misleading Investors About Cancer Drug",Clovis Oncology Inc.,company,defendant,CLVSQ,1466301,"disclosure fraud, biopharmaceutical, securities violation",True,CLVSQ,original
2018-09-20,2018-205,Business Services Company and Former CFO Charged With Accounting Fraud,Barrett Business Services Inc.,company,defendant,BBSI,902791,"accounting fraud, disclosure fraud",True,BBSI,original
2018-09-21,2018-207,Public Companies Charged With Failing to Comply With Quarterly Reporting Obligations,Cool Technologies Inc.,company,defendant,EPTG,945269,"disclosure fraud, reporting obligations",True,EPTG,original
2018-09-27,2018-218,SEC Charges Bitcoin-Funded Securities Dealer and CEO,1pool Ltd.,company,defendant,POOL,945841,"securities fraud, crypto, unregistered dealer",False,POOL,original
2018-09-28,2018-221,SEC Charges Salix Pharmaceuticals and Former CFO With Lying About Distribution Channel,Salix Pharmaceuticals Ltd.,company,defendant,SLXP,1009356,"disclosure fraud, corporate reporting violations",True,SLXP,original
2018-09-28,2018-222,SEC Charges Stryker A Second Time for FCPA Violations,Stryker Corp.,company,defendant,SYK,310764,"FCPA violations, internal accounting controls, books and records",True,SYK,original
2018-09-28,2018-220,SEC Charges Walgreens and Two Former Executives With Misleading Investors About Forecasted Earnings Goal,Walgreens Boots Alliance Inc.,company,defendant,WBA,1618921,disclosure fraud,True,WBA,original
2018-09-29,2018-226,Elon Musk Settles SEC Fraud Charges; Tesla Charged With and Resolves Securities Law Charge,Tesla Inc.,company,defendant,TSLA,1318605,"securities fraud, disclosure controls",True,TSLA,original
2018-12-11,2018-277,SEC Charges The Hain Celestial Group with Internal Controls Failures,"The Hain Celestial Group, Inc.",company,defendant,HAIN,910406,"internal controls failures, financial reporting, books and records violations, accounting controls violations",True,HAIN,original
2019-01-29,2019-6,SEC Charges Four Public Companies With Longstanding ICFR Failures,Grupo Simec S.A.B de C.V.,company,defendant,SIM,887153,"ICFR failures, financial reporting, civil penalties",True,SIM,original
2019-01-29,2019-6,SEC Charges Four Public Companies With Longstanding ICFR Failures,Digital Turbine Inc.,company,defendant,APPS,317788,"ICFR failures, financial reporting, civil penalties",True,APPS,original
2019-01-29,2019-6,SEC Charges Four Public Companies With Longstanding ICFR Failures,Lifeway Foods Inc.,company,defendant,LWAY,814586,"ICFR failures, financial reporting, civil penalties",True,LWAY,original
2019-02-15,2019-12,SEC Charges Cognizant and Two Former Executives With FCPA Violations,Cognizant Technology Solutions Corporation,company,defendant,CTSH,1058290,"FCPA violations, bribery, corporate misconduct",True,CTSH,original
2019-02-15,2019-13,SEC Files Charges in Elaborate Microcap Stock Fraud,Magna Group,company,defendant,MGR1,36094,"microcap fraud, unlawful securities offerings",False,MGR1,original
2019-03-29,2019-48,SEC Charges Medical Device Company With FCPA Violations,Fresenius Medical Care AG & Co KGaA,company,defendant,FMS,1333141,"FCPA violations, bribery, compliance failure",True,FMS,original
2019-04-25,2019-60,SEC Charges Truckload Freight Company With Accounting Fraud,Celadon Group Inc.,company,defendant,CGIP,865941,"accounting fraud, disclosure fraud",True,CGIP,original
2019-05-03,2019-66,SEC Charges Sapphire Glass Manufacturer and Former CEO With Fraud,GT Advanced Technologies Inc.,company,defendant,GTATQ,1394954,"disclosure fraud, misleading investors",True,GTATQ,original
2019-06-04,2019-87,SEC Charges Issuer With Conducting $100 Million Unregistered ICO,Kik Interactive Inc.,company,defendant,USITQ,1086637,"unregistered ICO, securities offering, digital tokens",False,USITQ,original
2019-06-05,2019-90,"SEC Adds Fraud Charges Against Purported Cryptocurrency Company Longfin, CEO, and Consultant",Longfin Corp.,company,defendant,LFIN,1699683,"fraud, cryptocurrency, accounting fraud, unregistered securities",True,LFIN,original
2019-06-20,2019-103,SEC Charges Intelligence Communications Company and Top Executives With Defrauding Merger Investors,Ability Inc.,company,defendant,ABILF,1652866,"disclosure fraud, merger fraud",False,ABILF,original
2019-06-20,2019-102,Walmart Charged With FCPA Violations,Walmart,company,defendant,WMT,104169,"FCPA violations, compliance failure, international corruption",True,WMT,original
2019-07-19,2019-137,SEC Charges Engine Manufacturing Company Executives With Accounting Fraud,Power Solutions International Inc.,company,defendant,PSIX,1137091,"accounting fraud, disclosure fraud",False,PSIX,original
2019-08-01,2019-143,SEC Charges Brixmor Property Group Inc. and Former Senior Executives with Accounting Fraud,Brixmor Property Group Inc.,company,defendant,BRX,1581068,"accounting fraud, disclosure fraud",True,BRX,original
2019-08-20,2019-156,SEC Charges TherapeuticsMD With Regulation FD Violations,TherapeuticsMD Inc.,company,defendant,TXMD,25743,"Regulation FD, disclosure violations",True,TXMD,original
2019-09-16,2019-175,SEC Charges Silicon Valley-Based Issuer With Misleading Disclosure Violations,"Marvell Technology Group, Ltd.",company,defendant,MRVL,1835632,disclosure fraud,True,MRVL,original
2019-09-24,2019-186,SEC Charges Comscore Inc. and Former CEO with Accounting and Disclosure Fraud,Comscore Inc.,company,defendant,SCOR,1158172,"accounting fraud, disclosure fraud",True,SCOR,original
2019-09-26,2019-193,SEC Charges Marketing and Printing Services Provider with FCPA Violations,Quad/Graphics Peru S.A.,company,defendant,QUAD,1481792,"FCPA violations, bribery, internal controls, books and records",True,QUAD,original
2019-09-26,2019-193,SEC Charges Marketing and Printing Services Provider with FCPA Violations,Quad/Graphics Inc.,company,defendant,QUAD,1481792,"FCPA violations, bribery, internal controls, books and records",True,QUAD,original
2019-09-27,2019-197,SEC Charges Canadian Clean Fuel Technology Company and Former CEO with FCPA Violations,"Westport Fuels Systems, Inc.",company,defendant,WPRT,1370416,"FCPA violations, bribery, disclosure fraud",True,WPRT,original
2019-09-30,2019-200,SEC Orders an Additional 16 Self-Reporting Advisory Firms to Pay Nearly $10 Million to Investors,Equity Services Inc.,company,defendant,LQDT,1235468,"disclosure failures, investment advisers, mutual fund share class selection",True,LQDT,original
2019-09-30,2019-200,SEC Orders an Additional 16 Self-Reporting Advisory Firms to Pay Nearly $10 Million to Investors,Independent Financial Group LLC,company,defendant,FIFG,946738,"disclosure failures, investment advisers, mutual fund share class selection",True,FIFG,original
2019-10-11,2019-212,SEC Halts Alleged $1.7 Billion Unregistered Digital Token Offering,Telegram Group Inc.,company,defendant,TGRPQ,1037535,"unregistered securities, digital token offering, cryptocurrency",False,TGRPQ,original
2019-11-26,2019-243,SEC Charges Biotech Company and Executives With Accounting Fraud,MiMedx Group Inc.,company,defendant,MDXG,1376339,"accounting fraud, misstating revenue, cover-up",True,MDXG,original
2019-12-05,2019-253,SEC Charges Trucking Executives With Accounting Fraud,Celadon Group Inc.,company,defendant,CGIP,865941,"accounting fraud, financial statement fraud",False,CGIP,original
2019-12-05,2019-251,SEC Charges Iconix Brand Group and Former Top Executives With Accounting Fraud,Iconix Brand Group Inc.,company,defendant,ICON1,857737,"accounting fraud, securities fraud",True,ICON1,original
2019-12-18,2019-269,MetLife to Pay $10 Million for Longstanding Internal Control Failures,"MetLife, Inc.",company,defendant,MET,1099219,"internal control failures, books and records violations",True,MET,original
2020-01-03,2020-2,Longfin CEO Settles Fraud Action,Longfin Corp.,company,defendant,LFIN,1699683,"fraud, disclosure fraud, securities fraud",True,LFIN,original
2020-01-17,2020-12,SEC Charges Convicted Criminal Who Conducted Fraudulent ICO Using a Fake Identity,CG Blockchain Inc.,company,defendant,LBCC,1629261,"fraudulent ICO, disclosure fraud",False,LBCC,original
2020-02-19,2020-36,SEC Charges Global Alcohol Producer with Disclosure Failures,Diageo plc,company,defendant,DEO,835403,disclosure fraud,True,DEO,original
2020-02-21,2020-38,Wells Fargo to Pay $500 Million for Misleading Investors About the Success of Its Largest Business Unit,Wells Fargo & Co.,company,defendant,WFC,72971,disclosure fraud,True,WFC,original
2020-02-27,2020-44,"SEC Charges South Carolina Energy Companies, Former Executives With Defrauding Investors",SCANA Corp.,company,defendant,SCG,754737,disclosure fraud,False,SCG,original
2020-02-28,2020-48,SEC Charges Cardinal Health With FCPA Violations,"Cardinal Health, Inc.",company,defendant,CAH,721371,"FCPA violations, books and records, internal accounting controls",True,CAH,original
2020-06-04,2020-127,Insurance Company Settles SEC Charges for Failing to Disclose Executive Perks,"Argo Group International Holdings, Ltd.",company,defendant,ARGO,1091748,disclosure fraud,True,ARGO,original
2020-06-17,2020-135,Insurance Company and Former CFO Charged With Faulty Loss Reserves Disclosures,AmTrust Financial Services Inc.,company,defendant,AFSI,1365555,disclosure fraud,True,AFSI,original
2020-06-25,2020-144,SEC Charges Novartis AG with FCPA Violations,Alcon Inc.,company,defendant,ACL,1167379,"FCPA violations, books and records violations, internal accounting controls violations",True,ACL,original
2020-06-25,2020-144,SEC Charges Novartis AG with FCPA Violations,Novartis AG,company,defendant,NVS,1114448,"FCPA violations, books and records violations, internal accounting controls violations",True,NVS,original
2020-06-26,2020-146,Telegram to Return $1.2 Billion to Investors and Pay $18.5 Million Penalty to Settle SEC Charges,Telegram Group Inc.,company,defendant,TGRPQ,1037535,"unregistered offering, digital tokens, securities violation",True,TGRPQ,original
2020-07-02,2020-149,SEC Charges Alexion Pharmaceuticals With FCPA Violations,Alexion Pharmaceuticals Inc.,company,defendant,ALXN,899866,"FCPA violations, pharmaceuticals, books and records, internal accounting controls",True,ALXN,original
2020-08-10,2020-178,SEC Charges Interactive Brokers With Repeatedly Failing to File Suspicious Activity Reports,Interactive Brokers LLC,company,defendant,IBKR,1381197,"disclosure fraud, anti-money laundering",True,IBKR,original
2020-08-25,2020-190,SEC Charges Super Micro and Former CFO in Connection with Widespread Accounting Violations,"Super Micro Computer, Inc.",company,defendant,SMCI,1375365,"accounting violations, disclosure fraud",True,SMCI,original
2020-08-26,2020-195,SEC Charges BorgWarner for Materially Misstating its Financial Statements,BorgWarner Inc.,company,defendant,BWA,908255,"disclosure fraud, financial misstatement",True,BWA,original
2020-09-23,2020-218,"SEC Obtains Emergency Asset Freeze, Charges Ring of Microcap Stock Manipulators Targeting Retail Investors",ATG Inc.,company,defendant,ATGCQ,1054000,"market manipulation, fraud, microcap stocks",False,ATGCQ,original
2020-09-24,2020-221,SEC Charges Lighting Products Company and Four Executives With Accounting Violations,Revolution Lighting Technologies Inc.,company,defendant,RVLT,917523,"accounting fraud, disclosure fraud",True,RVLT,original
2020-09-24,2020-222,"Engine Manufacturing Company to Pay Penalty, Take Remedial Measures to Settle Charges of Accounting Fraud",Power Solutions International Inc.,company,defendant,PSIX,1137091,"accounting fraud, disclosure fraud",True,PSIX,original
2020-09-28,2020-226,"SEC Charges Companies, Former Executives as Part of Risk-Based Initiative",Interface Inc.,company,defendant,TILE,715787,"accounting violations, disclosure violations, earnings management",True,TILE,original
2020-09-29,2020-233,J.P. Morgan Securities Admits to Manipulative Trading in U.S. Treasuries,JPMorgan Chase & Co.,company,defendant,JPM,19617,"manipulative trading, fraud",True,JPM,original
2020-09-29,2020-237,SEC Charges Manitex International and Three Former Senior Executives With Accounting Fraud,"Manitex International, Inc.",company,defendant,MNTX,1302028,"accounting fraud, misstated financial statements",True,MNTX,original
2020-09-30,2020-238,Morgan Stanley Agrees to Pay $5 Million for Reg SHO Violations in Prime Brokerage Swaps Business,Morgan Stanley & Co. LLC,company,defendant,MS,895421,"Regulation SHO, short sales",True,MS,original
2020-09-30,2020-241,SEC Charges HP Inc. With Disclosure Violations and Control Failures,HP Inc.,company,defendant,HPQ,47217,"disclosure fraud, control failures",True,HPQ,original
2020-09-30,2020-242,SEC Charges Hospitality Company for Failing to Disclose Executive Perks,Hilton Worldwide Holdings Inc.,company,defendant,HLT,1585689,disclosure fraud,True,HLT,original
2020-10-08,2020-251,"SEC Charges Seismic Data Company, Former Executives With $100 Million Accounting Fraud",SAExploration Holdings Inc.,company,defendant,SAEXQ,1514732,"accounting fraud, securities fraud, misappropriation",False,SAEXQ,original
2020-10-15,2020-258,SEC Charges Andeavor for Inadequate Controls Around Authorization of Stock Buyback Plan,Andeavor LLC,company,defendant,ANDV,50104,"controls violations, stock buyback",True,ANDV,original
2020-10-22,2020-265,SEC Charges Goldman Sachs With FCPA Violations,The Goldman Sachs Group Inc.,company,defendant,GS,886982,"FCPA violations, bribery, disclosure fraud",True,GS,original
2020-11-13,2020-281,SEC Charges Former Wells Fargo Executives for Misleading Investors About Key Performance Metric,Wells Fargo & Co.,company,defendant,WFC,72971,"disclosure fraud, misleading investors",True,WFC,original
2020-11-13,2020-282,SEC Charges Investment Advisory Firms and Broker-Dealers in Connection with Sales of Complex Exchange-Traded Products,Summit Financial Group Inc.,company,defendant,SMMF,811808,"unsuitable sales, complex exchange-traded products, investment advisory, broker-dealer",True,SMMF,original
2020-12-02,2020-301,Energy Companies Agree to Settle Fraud Charges Stemming From Failed Nuclear Power Plant Expansion,SCANA Corp.,company,defendant,SCG,754737,"fraud, disclosure fraud",True,SCG,original
2020-12-04,2020-306,SEC Charges The Cheesecake Factory For Misleading  COVID-19 Disclosures,The Cheesecake Factory,company,defendant,CAKE,887596,"disclosure fraud, COVID-19",True,CAKE,original
2020-12-09,2020-312,General Electric Agrees to Pay $200 Million Penalty for Disclosure Violations,General Electric Co.,company,defendant,GE,40545,"disclosure violations, accounting controls, reporting violations",True,GE,original
2020-12-11,2020-315,SEC Charges Sequential Brands Group Inc. with Deceiving Investors by Failing to Timely Impair Goodwill,Sequential Brands Group Inc.,company,defendant,SQBGQ,1648428,"disclosure fraud, accounting fraud",False,SQBGQ,original
2020-12-16,2020-319,Luckin Coffee Agrees to Pay $180 Million Penalty to Settle Accounting Fraud Charges,Luckin Coffee Inc.,company,defendant,LKNCY,1767582,"accounting fraud, disclosure fraud",True,LKNCY,original
2021-02-26,2021-35,SEC Suspends Trading in Multiple Issuers Based on Social Media and Trading Activity,PTA Holdings Inc.,company,defendant,ATAHQ,898904,"trading suspension, social media influence, market manipulation",False,ATAHQ,original
2021-02-26,2021-35,SEC Suspends Trading in Multiple Issuers Based on Social Media and Trading Activity,International Power Group Ltd.,company,defendant,TWGP,1289592,"trading suspension, social media influence, market manipulation",False,TWGP,original
2021-02-26,2021-35,SEC Suspends Trading in Multiple Issuers Based on Social Media and Trading Activity,Green Energy Enterprises Inc.,company,defendant,EOSE,1805077,"trading suspension, social media influence, market manipulation",False,EOSE,original
2021-03-05,2021-43,SEC Charges AT&T and Three Executives with Selectively Providing Information to Wall Street Analysts,AT&T,company,defendant,T,732717,disclosure fraud,False,T,original
2021-04-29,2021-76,SEC Charges Eight Companies for Failure to Disclose Complete Information on Form NT,"Asta Funding, Inc.",company,defendant,ASFI,1001258,disclosure fraud,True,ASFI,original
2021-04-29,2021-76,SEC Charges Eight Companies for Failure to Disclose Complete Information on Form NT,"ShiftPixy, Inc.",company,defendant,PIXY,1675634,disclosure fraud,True,PIXY,original
2021-05-03,2021-78,SEC Charges Under Armour Inc. With Disclosure Failures,Under Armour Inc.,company,defendant,UAA,1336917,disclosure fraud,True,UAA,original
2021-06-17,2021-105,"SEC Charges Investment Advisers With Cherry-Picking, Obtains Asset Freeze",UCB Financial Services Limited,company,defendant,CBFV,1605301,"cherry-picking, fraud, investment fraud",False,CBFV,original
2021-06-25,2021-112,SEC Charges Amec Foster Wheeler Limited With FCPA Violations Related To Brazilian Bribery Scheme,Amec Foster Wheeler Limited,company,defendant,AMFW,1328798,"FCPA violations, bribery, disclosure fraud",True,AMFW,original
2021-07-13,2021-124,"SEC Charges SPAC, Sponsor, Merger Target, and CEOs for Misleading Disclosures Ahead of Proposed Business Combination",Momentus Inc.,company,defendant,MNTS,1781162,"misleading disclosures, SPAC, fraud",True,MNTS,original
2021-07-15,2021-127,SEC Charges Executives of Network Infrastructure Company With Accounting Fraud,FTE Networks Inc.,company,defendant,FTNW,1122063,"accounting fraud, misappropriation of funds, securities fraud",False,FTNW,original
2021-07-21,2021-133,"SEC Charges Retailer and Former CEO for Accounting, Reporting, and Control Failures",Tandy Leather Factory Inc.,company,defendant,TLF,909724,"accounting fraud, reporting failures, control failures",True,TLF,original
2021-08-13,2021-151,"SEC Obtains Emergency Relief, Charges Two Florida Companies and their Principal Officer with Operating a Ponzi Scheme",MJ Capital Funding LLC,company,defendant,PPX,1047459,"ponzi scheme, fraud, misappropriation",False,PPX,original
2021-08-16,2021-154,SEC Charges Pearson plc for Misleading Investors About Cyber Breach,Pearson plc,company,defendant,PSO,938323,"disclosure fraud, cybersecurity, data breach",True,PSO,original
2021-08-24,2021-162,SEC Charges Healthcare Services Company and CFO for Failing to Accurately Report Loss Contingencies as part of Continuing EPS Initiative,"Healthcare Services Group, Inc.",company,defendant,HCSG,731012,"disclosure fraud, accounting violations",True,HCSG,original
2021-09-03,2021-174,SEC Charges The Kraft Heinz Company and Two Former Executives for Engaging in Years-Long Accounting Scheme,The Kraft Heinz Company,company,defendant,KHC,1637459,"accounting fraud, financial misconduct, disclosure fraud",True,KHC,original
2021-09-24,2021-191,SEC Charges World's Largest Advertising Group with FCPA Violations,WPP plc,company,defendant,WPP,806968,"FCPA violations, anti-bribery, books and records, internal accounting controls",True,WPP,original
2021-10-19,2021-213,Credit Suisse to Pay Nearly $475 Million to U.S. and U.K. Authorities to Resolve Charges in Connection with Mozambican Bond Offerings,Credit Suisse Group AG,company,defendant,CS,1159510,"disclosure fraud, foreign corrupt practices, internal accounting controls",True,CS,original
2021-10-27,2021-216,Post-SPAC Music Streaming Company Reaches $38.8 Million Settlement in Ongoing Fraud Action,Akazoo S.A.,company,defendant,SONG,1767043,"fraud, SPAC, disclosure fraud",True,SONG,original
2021-11-22,2021-244,SEC Charges Oilfield Services Company and Former CEO With Failing to Disclose Executive Perks and Stock Pledges,ProPetro Holding Corp.,company,defendant,PUMP,1680247,disclosure fraud,True,PUMP,original
2021-12-06,2021-252,SEC Charges Dialysis Provider and Three Former Senior Executives with Revenue Manipulation Scheme,"American Renal Associates Holdings, Inc.",company,defendant,ARA,1498068,"revenue manipulation, financial reporting fraud, disclosure fraud",True,ARA,original
2021-12-29,2021-269,SEC Charges Financial Company and Its President with Engaging in Fraudulent Schemes to Boost Stock Price,Medallion Financial Corp.,company,defendant,MFIN,1000209,"fraud, disclosure fraud, touting",False,MFIN,original
2022-02-15,2022-27,SEC Charges 12 Additional Financial Firms for Failure to Meet Form CRS Obligations,"J.K. Financial Services, Inc.",company,defendant,CBFV,1605301,disclosure fraud,True,CBFV,original
2022-02-17,2022-30,Largest South Korean Telecommunications Co. Agrees to Pay the SEC to Settle FCPA Charges,KT Corporation,company,defendant,STAT,882365,"FCPA violation, improper payments, internal controls",True,STAT,original
2022-02-22,2022-31,SEC Charges Health Care Co. and Two Former Employees for Accounting Improprieties,Baxter International Inc.,company,defendant,BAX,10456,"accounting improprieties, disclosure fraud",True,BAX,original
2022-04-18,2022-64,"Atlanta-Based Pest Control Company, Former CFO Charged with Improper Earnings Management",Rollins Inc.,company,defendant,ROL,84839,"accounting violations, earnings management, disclosure violations",True,ROL,original
2022-04-20,2022-65,SEC Charges Stericycle with Bribery Schemes in Latin America,"Stericycle, Inc.",company,defendant,SRCL,861878,"bribery, FCPA, disclosure fraud",True,SRCL,original
2022-04-28,2022-72,SEC Charges Brazilian Mining Company with Misleading Investors about Safety Prior to Deadly Dam Collapse,Vale S.A.,company,defendant,VALE,917851,"disclosure fraud, environmental harm, ESG",False,VALE,original
2022-04-28,2022-73,Medley Management and Former Co-CEOs to Pay $10 Million Penalty for Misleading Investors and Clients,Medley Management,company,defendant,MDLY,1611110,"disclosure fraud, misleading investors",True,MDLY,original
2022-05-06,2022-81,SEC Halts Fraudulent Cryptomining and Trading Scheme,MCC International Corp.,company,defendant,ECC1,31660,"crypto, fraud, unregistered offerings",False,ECC1,original
2022-05-20,2022-85,SEC Charges Wells Fargo Advisors With Anti-Money Laundering Related Violations,Wells Fargo & Company,company,defendant,WFC,72971,"anti-money laundering, compliance failure",True,WFC,original
2022-05-31,2022-94,SEC Charges Company and Former CEO with Misleading Investors about Sale of  Covid-19 Test Kits,SCWorx Corp.,company,defendant,WORX,1674227,"disclosure fraud, COVID-19, misleading statements",True,WORX,original
2022-06-02,2022-98,SEC Charges Global Steel Pipe Manufacturer with Violating Foreign Corrupt Practices Act,Tenaris,company,defendant,TS,1190723,"foreign corrupt practices, bribery, internal accounting controls",True,TS,original
2022-06-07,2022-101,SEC Charges New Jersey Software Company and Senior Employees with Accounting-Related Misconduct,"Synchronoss Technologies, Inc.",company,defendant,SNCR,1131554,"accounting improprieties, fraud, misleading financial statements",True,SNCR,original
2022-06-13,2022-104,Schwab Subsidiaries Misled Robo-Adviser Clients about Absence of Hidden Fees,"Charles Schwab & Co., Inc.",company,defendant,SCHW,316709,disclosure fraud,True,SCHW,original
2022-07-20,2022-126,SEC Charges Tampa-Based Health Insurance Distributor and its Former CEO with Making False Statements to Investors,Benefytt Technologies,company,defendant,BFYT,1561387,disclosure fraud,True,BFYT,original
2022-08-03,2022-137,SEC Charges Surgical Implant Manufacturer Surgalign and Former Senior Executives with Accounting and Disclosure Fraud,"Surgalign Holdings, Inc.",company,defendant,SRGAQ,1760173,"accounting fraud, disclosure fraud",True,SRGAQ,original
2022-08-16,2022-146,SEC Charges Eagle Bancorp and Former CEO with Failing to Disclose Related Party Loans,"Eagle Bancorp, Inc.",company,defendant,EGBN,1050441,"disclosure fraud, negligence, false statements",True,EGBN,original
2022-09-12,2022-160,SEC Charges VMware with Misleading Investors by Obscuring Financial Performance,VMware Inc.,company,defendant,VMW,1124610,disclosure fraud,True,VMW,original
2022-09-21,2022-169,SEC Charges Cheetah Mobile’s CEO and its Former President with Insider Trading,Cheetah Mobile Inc.,company,defendant,CMCM,1597835,"insider trading, disclosure fraud",True,CMCM,original
2022-09-22,2022-170,Boeing to Pay $200 Million to Settle SEC Charges that it Misled Investors about the 737 MAX,The Boeing Company,company,defendant,BA,12927,disclosure fraud,True,BA,original
2022-09-23,2022-171,SEC Charges Compass Minerals for Misleading Investors about Its Operations at World’s Largest Underground Salt Mine,Compass Minerals International Inc.,company,defendant,CMP,1227654,"disclosure fraud, environmental violations",True,CMP,original
2022-09-27,2022-174,SEC Charges 16 Wall Street Firms with Widespread Recordkeeping Failures,Morgan Stanley & Co. LLC,company,defendant,MS,895421,"recordkeeping failures, compliance, securities laws",True,MS,original
2022-09-29,2022-179,Barclays Agrees to a $361 Million Settlement to Resolve SEC Charges Relating to Over-Issuances of Securities,Barclays PLC,company,defendant,BCS,312069,"unregistered securities, internal control failure",True,BCS,original
2022-10-21,2022-189,SEC Charges Mattel with Financial Misstatements and Former PwC Audit Partner with Improper Professional Conduct,Mattel Inc.,company,defendant,MAT,63276,"financial misstatements, improper professional conduct, auditor independence",True,MAT,original
2022-10-24,2022-191,SEC Charges Canadian Cannabis Company and Former Senior Executive with Accounting Fraud,Cronos Group Inc.,company,defendant,CRNS,919869,"accounting fraud, disclosure fraud",True,CRNS,original
2022-12-03,2022-214,ABB Settles SEC Charges That It Engaged in Bribery Scheme in South Africa,ABB Ltd,company,defendant,ABBNY,1091587,"bribery, FCPA violation",True,ABBNY,original
2022-12-05,2022-215,AT&T Settles SEC Charge of Selectively Disclosing Material Information to Wall St. Analysts,AT&T,company,defendant,T,732717,"disclosure fraud, Regulation FD",True,T,original
2022-12-19,2022-230,SEC Charges Honeywell with Bribery Schemes in Algeria and Brazil,Honeywell International Inc.,company,defendant,HON,773840,"bribery, FCPA violation",True,HON,original
2023-02-22,2023-36,"SEC Charges African Gold Acquisition Corp. with Internal Controls, Reporting, and Recordkeeping Failures",African Gold Acquisition Corp.,company,defendant,AGACF,1833909,"internal controls failure, reporting violations, recordkeeping violations, misappropriation of funds",True,AGACF,original
2023-03-02,2023-43,SEC Charges Global Transportation Company Greenbrier and Former CEO for Failing to Disclose Perks and Payments,The Greenbrier Companies Inc.,company,defendant,GBX,923120,disclosure fraud,True,GBX,original
2023-03-06,2023-46,SEC Charges Rio Tinto plc with Bribery Controls Failures,Rio Tinto plc,company,defendant,RIO,887028,"bribery, FCPA, internal controls failure",True,RIO,original
2023-03-09,2023-48,SEC Charges Software Company Blackbaud Inc. for Misleading Disclosures About Ransomware Attack That Impacted Charitable Donors,Blackbaud Inc.,company,defendant,BLKB,1280058,"disclosure fraud, cybersecurity",True,BLKB,original
2023-03-14,2023-49,SEC Charges IT Services Provider DXC Technology Co. for Misleading Non-GAAP Disclosures,DXC Technology Company,company,defendant,DXC,1688568,disclosure fraud,True,DXC,original
2023-03-28,2023-63,Brazilian Mining Company to Pay $55.9 Million to Settle Charges Related to Misleading Disclosures Prior to Deadly Dam Collapse,Vale S.A.,company,defendant,VALE,917851,"misleading disclosures, environmental, social, and governance (ESG)",True,VALE,original
2023-05-11,2023-92,Dutch Medical Supplier Philips to Pay More Than $62 Million to Settle FCPA Charges,Koninklijke Philips N.V.,company,defendant,PHG,313216,"FCPA violation, disclosure fraud",True,PHG,original
2023-06-05,2023-101,SEC Files 13 Charges Against Binance Entities and Founder Changpeng Zhao,Binance Holdings Ltd.,company,defendant,CNF,1733868,"unregistered exchanges, broker-dealers, clearing agencies, misrepresentation, crypto, securities law violations",False,CNF,original
2023-06-06,2023-102,"SEC Charges Coinbase for Operating as an Unregistered Securities Exchange, Broker, and Clearing Agency",Coinbase Global Inc.,company,defendant,COIN,1679788,"unregistered securities exchange, unregistered broker, unregistered clearing agency, unregistered securities offering, crypto",False,COIN,original
2023-06-20,2023-111,SEC Charges Stanley Black & Decker and Former Executive for Failures in Executive Perks Disclosure,Stanley Black & Decker Inc.,company,defendant,SWK,93556,disclosure fraud,True,SWK,original
2023-07-03,2023-126,"SEC Charges “Smart” Window Manufacturer, View Inc., with Failing to Disclose $28 Million Liability",View Inc.,company,defendant,VIEWQ,1811856,"disclosure fraud, negligence-based antifraud, proxy disclosure, reporting, books and records, internal accounting controls, disclosure controls",True,VIEWQ,original
2023-07-11,2023-128,SEC Charges Merrill Lynch and Parent Company for Failing to File Suspicious Activity Reports,Merrill Lynch,company,defendant,MER,65100,disclosure fraud,True,MER,original
2023-07-31,2023-143,SEC Charges Hex Founder Richard Heart with Misappropriating Millions of Dollars of Investor Funds from Unregistered Crypto Asset Securities Offerings that Raised more than $1 Billion,Hex,company,defendant,HEXO,1690947,"unregistered securities offerings, crypto, fraud",False,HEXO,original
2023-08-10,2023-151,Colombian Conglomerate Grupo Aval and Its Bank Subsidiary to Pay $40 Million to Settle FCPA Violations,Grupo Aval Acciones y Valores S.A.,company,defendant,AVAL,1504764,"FCPA violation, bribery, foreign corruption",True,AVAL,original
2023-08-25,2023-160,SEC Charges 3M with Foreign Corrupt Practices Act Violations Relating to China Subsidiary,3M Company,company,defendant,MMM,66740,"Foreign Corrupt Practices Act, books and records violations, internal controls violations",True,MMM,original
2023-09-05,2023-167,SEC Charges Private Equity Firm Prime Group for Inadequate Disclosure of Fees Paid to Affiliate,Prime Group Holdings LLC,company,defendant,PGHL,1966678,"disclosure fraud, conflict of interest",True,PGHL,original
2023-09-12,2023-176,SEC Charges Virtu for False and Misleading Disclosures Relating to Information Barriers,Virtu Financial Inc.,company,defendant,VIRT,1592386,"disclosure fraud, failure to safeguard information",False,VIRT,original
2023-09-18,2023-182,SEC Charges Lyft with Failure to Disclose Board Member’s Financial Interest in Private Shareholder’s Pre-IPO Stock Transaction,Lyft Inc.,company,defendant,LYFT,1759509,disclosure fraud,True,LYFT,original
2023-09-25,2023-195,SEC Charges GTT Communications for Disclosure Failures,"GTT Communications, Inc.",company,defendant,GTT,1315255,"disclosure failures, financial reporting, antifraud",True,GTT,original
2023-09-26,2023-200,SEC Charges Hydrogen Vehicle Co. Hyzon Motors and Two Former Executives for Misleading Investors,Hyzon Motors Inc.,company,defendant,HYZN,1716583,disclosure fraud,True,HYZN,original
2023-09-27,2023-201,SEC Charges Corporate Insiders for Failing to Timely Report Transactions and Holdings,Cumberland Pharmaceuticals Inc.,company,defendant,CPIX,1087294,disclosure fraud,True,CPIX,original
2023-09-27,2023-201,SEC Charges Corporate Insiders for Failing to Timely Report Transactions and Holdings,AgEagle Aerial Systems Inc.,company,defendant,UAVS,8504,disclosure fraud,True,UAVS,original
2023-09-27,2023-201,SEC Charges Corporate Insiders for Failing to Timely Report Transactions and Holdings,"SolarEdge Technologies, Inc.",company,defendant,SEDG,1419612,disclosure fraud,True,SEDG,original
2023-09-27,2023-201,SEC Charges Corporate Insiders for Failing to Timely Report Transactions and Holdings,"eXp World Holdings, Inc.",company,defendant,EXPI,1495932,disclosure fraud,True,EXPI,original
2023-09-28,2023-208,SEC Charges Electric Vehicle Co. for Misleading Revenue Projections Ahead of SPAC Merger,Spruce Power Holding Corporation,company,defendant,MPWR1,1047960,"disclosure fraud, SPAC",True,MPWR1,original
2023-09-28,2023-206,SEC Charges Clear Channel Outdoor with FCPA Violations Relating to China Subsidiary,Clear Channel Outdoor Holdings Inc.,company,defendant,CCO,1334978,"FCPA violations, bribery, disclosure fraud",True,CCO,original
2023-09-29,2023-210,SEC Charges Newell Brands and Former CEO for Misleading Investors About Sales Performance,Newell Brands Inc.,company,defendant,NWL,814453,"disclosure fraud, accounting fraud",True,NWL,original
2023-09-29,2023-212,SEC Charges 10 Firms with Widespread Recordkeeping Failures,Perella Weinberg Partners LP,company,defendant,PWP,1777835,"recordkeeping failures, compliance violations",True,PWP,original
2023-09-29,2023-212,SEC Charges 10 Firms with Widespread Recordkeeping Failures,Interactive Brokers LLC,company,defendant,IBKR,1381197,"recordkeeping failures, compliance violations",True,IBKR,original
2023-09-29,2023-212,SEC Charges 10 Firms with Widespread Recordkeeping Failures,Interactive Brokers Corp.,company,defendant,IBKR,1381197,"recordkeeping failures, compliance violations",True,IBKR,original
2023-11-02,2023-232,SEC Charges Royal Bank of Canada with Internal Accounting Controls Violations,Royal Bank of Canada,company,defendant,RY,1000275,"internal accounting controls, books and records violations",True,RY,original
2023-11-14,2023-235,Charter Communications to Pay $25 Million Penalty for Stock Buyback Controls Violations,Charter Communications Inc.,company,defendant,CHTR,1091667,"internal accounting controls, stock buybacks",True,CHTR,original
2023-12-19,2023-254,"SEC Charges Tingo Mobile Founder, Three Companies with Massive Fraud and Obtains Emergency Relief",Tingo Group Inc.,company,defendant,TIOG,854800,"fraud, financial misrepresentation, insider trading",False,TIOG,original
2023-12-19,2023-254,"SEC Charges Tingo Mobile Founder, Three Companies with Massive Fraud and Obtains Emergency Relief",Tingo International Holdings Inc.,company,defendant,KNTH,728478,"fraud, financial misrepresentation, insider trading",False,KNTH,original
